,mean,median,std,skew,range,5p,10p,25p,75p,90p,95p,min,min3d,min7d,min14d,min30d,min90d,low_count,low_dur,max,max3d,max7d,max14d,max30d,max90d,high_count,high_dur,rising,falling,change,change_3d,n_revs,n_rlimb,n_flimb,rlimb_slp,flimb_slp,jan,feb,mar,apr,may,jun,jul,aug,sep,oct,nov,dec,jan_p,feb_p,mar_p,apr_p,may_p,jun_p,jul_p,aug_p,sep_p,oct_p,nov_p,dec_p,cen_jd,25p_jd,50p_jd,75p_jd,max_jd,min_jd,max3d_jd,min3d_jd,max7d_jd,min7d_jd,max14d_jd,min14d_jd,si
1979,198.73150684931508,64.0,283.0591094069884,0.3220425438052304,177.0,36.0,38.0,42.0,219.0,591.2000000000002,936.6000000000001,31.0,31.333333333333332,32.142857142857146,35.285714285714285,36.63333333333333,40.41111111111111,3.0,161.0,1610.0,1463.3333333333333,1221.5714285714287,1032.0,1004.4,586.9,2.0,78.0,32.5360824742268,16.994594594594595,22.340425531914892,76.6390977443609,49.0,10.0,11.0,58.91380952380952,46.02654760580097,38.806451612903224,46.107142857142854,168.8709677419355,351.1333333333333,981.5806451612904,394.56666666666666,132.8709677419355,78.3225806451613,57.56666666666667,44.61290322580645,36.86666666666667,40.16129032258065,1.6584639563257373,1.779781352964694,7.217006493237934,14.522243820395108,41.949625708259234,16.31856845471966,5.6784813267711645,3.3472572618112135,2.3808539090395247,1.9066131767236032,1.5247390986668874,1.7163654410852394,146.20615685787942,119.0,138.0,160.0,125.0,0.0,124.0,4.0,120.0,0.0,134.0,321.0,0.9787515148150152
1980,236.44109589041096,96.0,302.4226018206141,0.40602078770813776,156.0,53.0,54.0,64.0,220.0,696.6,905.4000000000003,41.0,41.333333333333336,42.42857142857143,45.0,51.266666666666666,62.422222222222224,5.0,24.0,2210.0,1743.3333333333333,1124.857142857143,997.2857142857143,857.0666666666667,615.1444444444444,2.0,86.0,42.719298245614034,23.4,30.765886287625417,104.84666666666666,51.0,8.0,9.0,84.48819444444445,39.93420314253648,51.38709677419355,66.14285714285714,125.45161290322581,508.6666666666667,757.5483870967741,522.0666666666667,176.38709677419354,99.16129032258064,77.5,61.54838709677419,55.0,326.96774193548384,1.8458650537073729,2.1459774510144727,4.506320900105445,17.68229800349938,27.211735669343344,18.148109523643992,6.335963662066487,3.561951773444108,2.694059165015469,2.2108666179997916,1.9119129558174297,11.744939224342707,172.34246416611626,119.0,147.0,194.0,360.0,7.0,359.0,7.0,358.0,4.0,113.0,0.0,0.9431942009910177
1981,222.2821917808219,145.0,218.25025182710192,0.6523239618897366,240.0,47.0,49.0,58.0,298.0,539.0000000000001,661.4000000000001,43.0,43.0,43.42857142857143,44.42857142857143,46.03333333333333,50.388888888888886,5.0,67.0,1330.0,1220.0,1011.5714285714286,858.5714285714286,668.3,517.9333333333333,3.0,98.0,32.8974358974359,13.958715596330276,18.949324324324323,65.42207792207792,56.0,7.0,8.0,51.47380952380952,36.83300215919701,230.29032258064515,221.71428571428572,211.80645161290323,376.46666666666664,641.2258064516129,504.3666666666667,179.61290322580646,89.03225806451613,64.6,54.096774193548384,46.4,51.03225806451613,8.799132288957637,7.651633737196948,8.092884522943807,13.920353000628596,24.500511505799118,18.649624690323297,6.8628055168673665,3.4018217001713236,2.388670454685516,2.0669764460823585,1.7157013792168416,1.9498847571271862,134.78948146869953,91.0,134.0,169.0,121.0,330.0,119.0,330.0,118.0,327.0,113.0,324.0,0.739134811451996
1982,303.1945205479452,103.0,343.77478765539126,0.3397159019030235,406.0,50.0,51.0,58.0,464.0,808.4000000000001,1020.0,40.0,43.666666666666664,45.57142857142857,48.07142857142857,49.5,56.15555555555556,7.0,72.0,1610.0,1463.3333333333333,1352.857142857143,1296.4285714285713,1052.9333333333334,796.0666666666667,2.0,137.0,55.97727272727273,23.7487922705314,33.362711864406776,121.52739726027397,51.0,11.0,14.0,78.69945887445887,45.96041645280368,51.41935483870968,259.10714285714283,393.96774193548384,495.46666666666664,994.5483870967741,827.2,268.51612903225805,108.83870967741936,73.63333333333334,59.935483870967744,51.53333333333333,57.483870967741936,1.4403701227115826,6.555762384110747,11.035909854878643,13.431406213290442,27.859505177742033,22.424231471273924,7.521732058626859,3.0488135470695608,1.9960963620262773,1.6789257766613053,1.3969963674479966,1.6102506641606273,142.42135795998772,106.0,141.0,168.0,145.0,35.0,144.0,34.0,140.0,33.0,134.0,26.0,0.9064947494732358
1983,209.1260273972603,115.0,222.77050174083251,0.5499076390981383,192.0,49.0,52.0,62.0,254.0,477.80000000000007,630.4000000000001,44.0,44.666666666666664,47.142857142857146,48.07142857142857,49.13333333333333,53.86666666666667,4.0,47.0,1240.0,1193.3333333333333,1174.2857142857142,993.2142857142857,747.2666666666667,488.53333333333336,2.0,88.0,23.0188679245283,11.941176470588236,15.729032258064516,59.60843373493976,56.0,9.0,8.0,35.22072310405643,23.83810107376284,135.03225806451613,143.35714285714286,316.0,322.3,674.3870967741935,453.6,149.61290322580646,86.12903225806451,62.3,52.03225806451613,51.266666666666666,58.83870967741935,5.484010428266366,5.258676029398279,12.833580065766203,12.667199434043836,27.388610132187445,17.827619184865913,6.076168267152271,3.4979235173127563,2.4485464621189292,2.113165031245497,2.0149087526692955,2.389592694973209,139.88040245771705,94.0,141.0,164.0,149.0,356.0,147.0,355.0,144.0,299.0,141.0,299.0,0.759537508145397
1984,178.67260273972602,102.0,182.20653858038386,0.5708765554201072,139.0,47.0,51.0,58.0,197.0,472.40000000000055,584.0000000000001,45.0,45.0,45.371428571428574,46.042857142857144,47.086666666666666,52.75555555555555,3.0,46.0,1080.0,964.0,806.8571428571429,757.0714285714286,652.4666666666667,442.1777777777778,3.0,69.0,21.93838383838384,10.690243902439024,14.353289473684212,48.62676056338028,58.0,9.0,11.0,42.51375661375661,22.502681992337163,126.93548387096774,118.32142857142857,153.93548387096774,271.7,503.0967741935484,525.6333333333333,148.0,77.0,60.233333333333334,47.37419354838709,54.68,57.693548387096776,6.0338416480744606,5.080080655672347,7.317278867753832,12.49856245831129,23.914560188912144,24.17983454853524,7.035137352316551,3.6601728116782057,2.7708136869302544,2.2519186389738635,2.515352945235412,2.742446197606397,148.07575039676146,109.0,147.0,174.0,150.0,288.0,149.0,293.0,146.0,290.0,139.0,283.0,0.7407239412682654
1985,221.08547945205478,91.0,274.7917440737102,0.41160550310919225,198.0,41.0,44.4,56.0,254.0,651.4000000000003,860.4,28.0,29.666666666666668,33.0,37.92857142857143,39.93333333333333,50.07,2.0,74.0,1200.0,1193.3333333333333,1160.0,1010.2142857142857,845.1666666666666,619.0888888888888,2.0,89.0,39.02934782608696,17.06555023923445,23.778737541528233,78.90225988700564,44.0,8.0,9.0,71.04722222222222,38.61785612925459,47.87096774193548,40.214285714285715,61.170967741935485,498.5,827.6451612903226,502.8666666666667,131.3548387096774,82.54838709677419,65.39666666666668,64.41935483870968,234.23333333333332,92.74193548387096,1.838996136125369,1.395356906521001,2.3499247796054834,18.532471169646154,31.794557860221424,18.69480842964105,5.046086432818398,3.171153040663625,2.431217331175446,2.4747138031282763,8.707968900642161,3.5627452098116144,165.9992998431153,121.0,145.0,182.0,139.0,33.0,142.0,32.0,138.0,30.0,137.0,26.0,0.9352536672891846
1986,228.0054794520548,78.0,261.46518660347886,0.34209704164764126,379.0,41.0,44.0,53.0,432.0,642.0000000000002,788.8,39.0,39.333333333333336,39.57142857142857,40.357142857142854,40.9,45.455555555555556,2.0,92.0,1260.0,1088.0,934.5714285714286,899.0,701.8333333333334,602.5111111111111,1.0,108.0,37.644444444444446,18.43243243243243,24.72,97.97540983606558,50.0,9.0,10.0,74.60555555555555,37.07948812448813,72.6774193548387,243.03571428571428,663.8387096774194,556.6666666666666,567.6129032258065,274.6,101.16129032258064,64.09677419354838,51.0,43.25806451612903,43.0,57.0,2.707216841700512,8.176924370959602,24.72783638941626,20.066809257167577,21.14344764605513,9.898824829972844,3.768234361106438,2.387589819999519,1.8384561774530774,1.611352767297109,1.5500708947153397,2.1232366441565933,122.68120208598688,73.0,110.0,149.0,56.0,315.0,55.0,314.0,55.0,312.0,55.0,305.0,0.9528825853806437
1987,135.75616438356164,52.0,186.13036599902722,0.3830396964743396,109.0,29.0,30.0,37.0,146.0,340.00000000000034,615.0000000000001,27.0,27.666666666666668,28.428571428571427,28.785714285714285,29.833333333333332,31.1,2.0,187.0,1210.0,1106.3333333333333,914.1428571428571,791.3571428571429,669.5666666666667,387.6666666666667,2.0,52.0,25.324324324324323,11.949685534591195,16.197424892703864,66.4766355140187,39.0,7.0,7.0,45.20658263305322,31.928942486085337,49.903225806451616,46.785714285714285,180.6451612903226,449.3666666666667,487.38709677419354,142.33333333333334,80.25806451612904,54.38709677419355,39.63333333333333,33.806451612903224,29.866666666666667,29.903225806451612,3.122035882222357,2.6437407923149885,11.301487356461019,27.20631268793768,30.49181651228028,8.617384109301527,5.021089382656253,3.402554943391657,2.3995479405057414,2.114992633851991,1.8082379770337633,1.8707997820427438,135.7660995741761,104.0,122.0,151.0,120.0,359.0,118.0,359.0,116.0,355.0,117.0,348.0,0.9184336160640447
1988,129.33424657534246,54.0,157.68799801374547,0.41752282500476623,103.0,30.0,32.0,37.0,140.0,360.0,473.4000000000002,27.0,28.0,29.0,29.857142857142858,30.4,38.03333333333333,2.0,179.0,932.0,892.6666666666666,744.5714285714286,589.3571428571429,471.1,363.2,1.0,67.0,19.03125,10.235632183908047,13.362962962962962,52.855932203389834,50.0,8.0,12.0,41.34375,18.598661986161986,30.419354838709676,34.67857142857143,74.58064516129032,429.46666666666664,423.64516129032256,214.2,95.96774193548387,62.83870967741935,42.13333333333333,34.03225806451613,38.53333333333333,69.03225806451613,1.997585103904082,2.0568983413476816,4.897578748914356,27.29256254369055,27.82002669095685,13.612387993306077,6.302031478382443,4.1265066621475635,2.677569004596776,2.2348380536784798,2.448789374457178,4.533226004617959,152.55720549918445,108.0,136.0,171.0,106.0,4.0,105.0,2.0,104.0,0.0,102.0,0.0,0.8932819633494152
1989,241.6931506849315,104.0,290.57680772209557,0.430297671676982,183.0,49.0,54.4,65.0,248.0,646.0,889.4000000000003,45.0,45.0,46.0,46.785714285714285,48.96666666666667,59.84444444444444,4.0,34.0,1540.0,1443.3333333333333,1223.7142857142858,1079.7857142857142,970.9666666666667,639.9111111111112,3.0,89.0,48.92391304347826,19.098712446351932,27.54153846153846,87.29239766081871,61.0,10.0,10.0,96.43216450216451,45.38777777777778,69.16129032258064,64.14285714285714,131.61290322580646,829.6333333333333,685.6451612903226,385.3333333333333,120.54838709677419,77.48387096774194,59.766666666666666,49.483870967741936,172.3,253.51612903225808,2.4303430138973905,2.03586569634315,4.624906481670407,28.2130630936997,24.093722369584437,13.103901698066153,4.236096941667233,2.722800335532431,2.03246502981251,1.7388741526672562,5.859348432292729,8.908612754766601,162.37484413611733,109.0,132.0,183.0,111.0,281.0,110.0,289.0,106.0,286.0,103.0,279.0,0.8799913166542299
1990,279.82465753424657,167.0,249.36042450600326,0.596802302811937,376.0,54.0,56.4,92.0,468.0,688.8000000000002,772.4000000000001,51.0,51.666666666666664,52.714285714285715,53.42857142857143,54.166666666666664,63.022222222222226,7.0,11.0,1480.0,1204.3333333333333,868.4285714285714,804.1428571428571,725.2,626.7777777777778,4.0,127.0,44.76470588235294,20.585585585585587,28.19753086419753,89.58100558659218,60.0,11.0,14.0,71.22916666666667,29.381528417818743,252.51612903225808,147.39285714285714,249.96774193548387,719.8333333333334,590.9677419354839,560.6666666666666,169.5483870967742,88.7741935483871,62.766666666666666,54.58064516129032,257.4,206.19354838709677,7.664290749588784,4.040690843581107,7.586942899663194,21.143377457507636,17.936868489073394,16.46823842719511,5.146079736821493,2.6944466201926844,1.8436202710112006,1.6566147097986996,7.560507558549386,6.25832223701731,153.98735999060077,98.0,137.0,181.0,328.0,301.0,328.0,299.0,107.0,295.0,104.0,289.0,0.7207985914027102
1991,275.4958904109589,160.0,284.4037610478802,0.5807709137197183,339.0,50.0,52.0,61.0,400.0,716.4000000000002,813.0,46.0,47.0,48.57142857142857,49.285714285714285,50.56666666666667,54.17777777777778,5.0,44.0,1700.0,1566.6666666666667,1380.0,1121.7142857142858,940.2666666666667,671.0,2.0,127.0,45.333333333333336,21.676470588235293,29.246666666666666,95.23841059602648,55.0,11.0,12.0,73.75995670995671,40.94844246031746,146.80645161290323,319.75,289.5806451612903,508.6666666666667,820.6774193548387,643.5666666666667,252.7741935483871,101.35483870967742,69.6,54.16129032258065,50.56666666666667,58.225806451612904,4.525836349894586,8.90349655913123,8.927363856955328,15.175623533155655,25.300330164286567,19.200246628744182,7.792672739568002,3.1246270734714985,2.0764549106965275,1.6697163769441903,1.5086121166315287,1.795019690520705,136.78525398782767,95.0,138.0,167.0,138.0,305.0,138.0,331.0,137.0,301.0,132.0,321.0,0.7939161821913947
1992,126.83561643835617,64.0,119.4930861413283,0.5045901285235986,161.0,34.2,35.0,37.0,198.0,300.0,350.0,32.0,32.0,33.0,33.714285714285715,34.666666666666664,35.422222222222224,5.0,145.0,601.0,575.0,524.2857142857143,500.42857142857144,410.56666666666666,305.43333333333334,4.0,53.0,14.152173913043478,7.497175141242938,9.773234200743495,38.714285714285715,52.0,10.0,9.0,23.60253968253968,15.14135802469136,54.87096774193548,114.32142857142857,237.38709677419354,291.3333333333333,381.3225806451613,150.5,85.74193548387096,55.774193548387096,43.63333333333333,35.806451612903224,35.733333333333334,34.83870967741935,3.6742628793606222,6.914353601900854,15.895885084782375,18.87892861000108,25.534074954098713,9.752673074846095,5.741440760341289,3.7347445728480393,2.827519170536775,2.397667134679771,2.3155848363754186,2.3328653202289664,134.6600928826007,86.0,124.0,161.0,127.0,337.0,126.0,337.0,124.0,334.0,118.0,327.0,0.7500836653563261
1993,154.95068493150686,61.0,219.73576355978605,0.3936736389836802,117.0,33.0,34.0,38.0,155.0,357.8000000000003,563.6000000000001,30.0,30.666666666666668,32.285714285714285,32.785714285714285,33.06666666666667,42.71111111111111,3.0,168.0,1480.0,1420.0,1244.142857142857,1002.2142857142857,758.9666666666667,438.8888888888889,2.0,59.0,22.44943820224719,11.282485875706215,15.018796992481203,70.32432432432432,57.0,9.0,8.0,35.79997964997965,23.630956196581195,34.38709677419355,33.142857142857146,81.87096774193549,289.8,741.0967741935484,249.86666666666667,134.29032258064515,91.2258064516129,63.93333333333333,50.03225806451613,41.166666666666664,37.61290322580645,1.8848241596972966,1.6408225330197854,4.487508177590749,15.372102480683205,40.62096645861697,13.25388546068568,7.360715738104921,5.000265219159432,3.3912689852714957,2.7423661085276803,2.18363774599077,2.0616369326520148,153.55869299998233,122.0,138.0,172.0,134.0,46.0,133.0,46.0,131.0,43.0,130.0,36.0,0.9038858845519178
1994,103.61369863013698,45.0,127.82094209089976,0.4343055078135329,67.0,31.0,32.0,37.0,104.0,284.6,399.0000000000004,28.0,28.0,28.428571428571427,29.285714285714285,30.566666666666666,32.888888888888886,2.0,215.0,677.0,637.3333333333334,593.5714285714286,492.2857142857143,460.1333333333333,281.2,1.0,40.0,14.146341463414634,7.284810126582278,9.629166666666666,47.30107526881721,45.0,5.0,7.0,30.201190476190476,17.108932504421226,38.25806451612903,37.57142857142857,57.38709677419355,320.6666666666667,363.48387096774195,150.46666666666667,79.19354838709677,51.54838709677419,36.46666666666667,30.70967741935484,32.5,42.774193548387096,3.1359898463735156,2.7816705888574527,4.7039847695602734,25.436949681377087,29.794547714111953,11.93579946587694,6.491446098521907,4.225389354557233,2.8927258785266665,2.5172532325021817,2.578069224463894,3.5061741452708954,149.56154313969168,111.0,132.0,171.0,111.0,295.0,110.0,295.0,109.0,292.0,107.0,285.0,0.8453179473823889
1995,284.4,240.0,327.43298634674125,0.8438818565400844,312.0,46.0,48.4,72.0,384.0,586.8000000000002,716.8000000000002,43.0,43.0,43.857142857142854,44.214285714285715,45.166666666666664,55.22222222222222,6.0,59.0,3420.0,2683.3333333333335,1839.0,1269.7857142857142,915.1666666666666,414.72222222222223,6.0,161.0,68.20792079207921,29.096069868995635,41.06666666666667,105.79274611398964,62.0,11.0,11.0,155.45757575757577,48.13166568280204,75.38709677419355,420.42857142857144,367.51612903225805,277.4,502.93548387096774,334.3666666666667,109.29032258064517,67.96774193548387,48.43333333333333,51.54838709677419,469.26666666666665,701.1612903225806,2.2513149528928964,11.340384948846888,10.975280812284453,8.016877637130802,15.019363042598693,9.663217925746103,3.263780513650463,2.029747798778491,1.3997264127314413,1.5394100533687842,13.561836502706972,20.93905939926401,193.64206307920543,91.0,155.0,332.0,333.0,267.0,333.0,278.0,332.0,266.0,328.0,267.0,0.7136504633643552
1996,338.66301369863015,234.0,399.3248876444939,0.690952334724784,412.0,43.0,47.0,58.0,470.0,817.4000000000001,1005.6000000000003,42.0,42.0,42.285714285714285,42.714285714285715,43.1,47.577777777777776,2.0,85.0,4260.0,2833.3333333333335,1821.5714285714287,1317.357142857143,868.2333333333333,698.5666666666667,3.0,163.0,108.97368421052632,39.76525821596244,57.965397923875436,175.77848101265823,47.0,12.0,13.0,103.8525883838384,68.91863713209865,304.7741935483871,892.7142857142857,371.64516129032256,805.1333333333333,716.516129032258,557.9333333333333,170.09677419354838,91.58064516129032,67.43333333333334,51.87096774193548,44.166666666666664,47.58064516129032,7.643270879849854,20.22133773420056,9.320292528233505,19.540174093130116,17.969129210756236,13.540756560851698,4.265767077630003,2.2967025855094976,1.636572501051678,1.3008445781962916,1.0719024042973175,1.1932498462932402,113.21454227744879,52.0,111.0,151.0,39.0,326.0,39.0,326.0,38.0,324.0,38.0,326.0,0.8125346255783165
1997,375.6904109589041,141.0,465.9171189051465,0.3753090201054497,427.0,67.0,71.0,84.0,511.0,1122.0000000000005,1296.0000000000002,63.0,63.0,63.714285714285715,64.5,67.06666666666666,77.6,0.0,0.0,2450.0,2313.3333333333335,2162.8571428571427,1755.0,1478.0,1051.0111111111112,2.0,121.0,56.44897959183673,25.364864864864863,34.884375,109.75308641975309,62.0,9.0,13.0,101.68465608465608,64.18744972975742,156.2258064516129,145.60714285714286,384.7741935483871,751.9666666666667,1425.1612903225807,894.9333333333333,316.80645161290323,108.38709677419355,79.5,67.58064516129032,89.6,75.58064516129032,3.5317625267088175,2.9731562711938566,8.698505764729045,16.451173000211483,32.21830857526235,19.578930480503477,7.161973936569749,2.4502833140081823,1.7392636023540222,1.527780816323554,1.9602266512065456,1.7086350609289198,142.3983752288025,113.0,136.0,164.0,136.0,298.0,134.0,298.0,131.0,294.0,129.0,287.0,0.9474381263004817
1998,165.2821917808219,79.0,191.4345693452506,0.47797042832515585,157.0,35.2,40.4,57.0,214.0,435.0000000000002,608.6000000000004,32.0,32.666666666666664,33.285714285714285,33.92857142857143,35.36666666666667,43.17777777777778,1.0,79.0,983.0,956.3333333333334,923.5714285714286,807.7142857142857,632.7,447.3333333333333,3.0,74.0,22.4,10.229166666666666,14.113475177304965,56.935251798561154,48.0,6.0,6.0,51.107142857142854,26.329253154253152,66.16129032258064,78.60714285714286,167.41935483870967,350.76666666666665,629.9354838709677,297.8333333333333,111.09677419354838,70.93548387096774,52.56666666666667,40.54838709677419,37.266666666666666,74.35483870967742,3.3997480440259915,3.6483888078504174,8.602970428325156,17.4429783848296,32.369712239756,14.810701498475003,5.708791937408832,3.645073597666092,2.6140432303408034,2.083609600848694,1.8532024930380586,3.8207797374353536,146.0733490253282,109.0,132.0,166.0,123.0,315.0,123.0,313.0,122.0,309.0,119.0,302.0,0.8503866534179463
1999,266.3013698630137,133.0,287.85164010380805,0.49943415637860084,240.0,50.0,55.0,85.0,325.0,668.2000000000003,927.6000000000003,47.0,47.333333333333336,48.714285714285715,48.714285714285715,49.96666666666667,60.355555555555554,3.0,34.0,1720.0,1563.3333333333333,1380.0,1184.2142857142858,983.9666666666667,664.8111111111111,3.0,103.0,44.935483870967744,18.451327433628318,26.17241379310345,90.45054945054945,49.0,9.0,13.0,58.131457431457434,43.28431611961024,158.93548387096774,107.17857142857143,279.38709677419354,420.96666666666664,725.2903225806451,779.8666666666667,258.06451612903226,100.41935483870968,68.13333333333334,53.903225806451616,85.46666666666667,151.93548387096774,5.068930041152264,3.087448559670782,8.910493827160494,12.992798353909466,23.131687242798353,24.069958847736626,8.23045267489712,3.202674897119342,2.102880658436214,1.7191358024691357,2.6378600823045266,4.84567901234568,153.78384773662552,113.0,148.0,176.0,145.0,305.0,144.0,304.0,143.0,302.0,143.0,302.0,0.799875697615422
2000,209.15616438356165,94.0,253.4220049620525,0.4494249561185193,187.0,33.0,34.0,48.0,235.0,602.6,776.2,30.0,30.666666666666668,31.285714285714285,31.428571428571427,32.166666666666664,36.388888888888886,1.0,107.0,1400.0,1205.0,1025.7142857142858,956.4285714285714,797.9666666666667,597.4555555555555,2.0,86.0,29.944444444444443,14.494791666666666,19.425531914893618,62.43262411347518,58.0,11.0,10.0,42.313203463203465,45.192460317460316,92.80645161290323,99.53571428571429,185.83870967741936,694.8,676.6129032258065,399.6666666666667,127.7741935483871,69.58064516129032,53.86666666666667,42.32258064516129,35.46666666666667,32.193548387096776,3.7685677608655785,3.650677215687302,7.546304786356134,27.303450263288887,27.4750465012706,15.705640407639306,5.1884938827906,2.825443399439365,2.1167902334232793,1.7185821697099892,1.3937282229965158,1.307275156532446,135.44663487988262,104.0,128.0,158.0,103.0,353.0,103.0,352.0,103.0,358.0,102.0,351.0,0.9181841769714675
2001,85.33369863013695,40.0,110.72377472367828,0.46874799337331624,39.0,26.0,27.0,29.0,68.0,260.80000000000007,353.00000000000017,25.0,25.0,25.0,25.571428571428573,25.9,29.177777777777777,3.0,240.0,564.0,549.3333333333334,492.42857142857144,464.5,391.6666666666667,232.45555555555555,2.0,33.0,10.169387755102045,6.210828025477709,7.7321568627450965,38.706250000000004,53.0,3.0,7.0,41.62407407407407,18.268877551020406,29.06451612903226,26.357142857142858,31.838709677419356,84.46666666666667,389.16129032258067,181.03333333333333,83.64516129032258,52.645161290322584,35.8,28.69677419354839,28.850000000000005,46.377419354838715,2.892753027598342,2.3694247884212833,3.168864859311391,8.13566722745194,38.73271090449101,17.436783232948496,8.32509278641787,5.23970359715926,3.448187293718778,2.856152156882891,2.778776631949351,4.615883493649429,164.16744256231783,129.0,146.0,187.0,135.0,49.0,133.0,57.0,132.0,57.0,133.0,49.0,0.8557522125450645
2002,295.91479452054796,108.0,392.35614636365926,0.36496992377480003,285.2,36.5,39.2,54.8,340.0,856.6000000000001,1244.0000000000005,35.2,35.36666666666667,35.58571428571429,36.10000000000001,36.51333333333333,42.292222222222236,2.0,88.0,1860.0,1740.0,1588.5714285714287,1484.2857142857142,1261.2666666666667,890.5111111111111,2.0,102.0,58.58045977011498,19.42661596958175,29.159142857142868,78.86478260869565,57.0,12.0,13.0,81.2188492063492,52.15681946994945,105.85806451612903,117.50714285714285,172.2258064516129,644.9666666666667,992.483870967742,984.9333333333333,243.2258064516129,96.17419354838712,66.37,50.40967741935484,40.523333333333326,36.8774193548387,3.038268142717868,3.04623044952777,4.943111169542509,17.914264472649936,28.485615537238136,27.35700483941601,6.980906203099929,2.760328084074554,1.8434591964180729,1.4468252153294774,1.1255553940462313,1.058431295939501,144.4928149439537,112.0,146.0,168.0,149.0,342.0,147.0,341.0,146.0,339.0,139.0,333.0,0.99390290477965
2003,162.17808219178082,69.4,176.850975300718,0.4279246557986317,228.3,31.04,33.18,38.7,267.0,444.6,494.8000000000001,29.5,29.7,30.014285714285712,30.942857142857143,31.423333333333336,34.13777777777778,2.0,157.0,797.0,772.0,751.5714285714286,643.7857142857143,512.5,438.0444444444444,3.0,91.0,22.937373737373736,9.035856573705177,12.968000000000005,43.16831683168316,80.0,10.0,12.0,44.61907936507937,17.910819589766955,40.51612903225806,164.63928571428573,226.95483870967743,436.46666666666664,480.96774193548384,303.3333333333333,91.92903225806452,59.97741935483871,43.48999999999999,33.46451612903226,31.883333333333333,38.1225806451613,2.1218008277726152,7.787650984035814,11.88546329926514,22.12011149590337,25.187938170453585,15.37292001013599,4.814257960976434,3.1409747444885547,2.2040712898048818,1.7525128811555033,1.6158459329335246,1.9964524030745845,134.66414393107527,93.0,128.0,157.0,145.0,312.0,147.0,310.0,144.0,307.0,143.0,305.0,0.8920764549949265
2004,156.5726027397262,70.7,151.44781248642852,0.45154770862132276,210.7,41.92,44.48,50.3,261.0,421.4000000000002,488.8,25.0,31.3,36.94285714285714,39.857142857142854,40.98000000000001,51.221111111111135,5.0,126.0,594.0,566.0,540.4285714285714,507.57142857142856,471.3666666666667,395.74444444444447,5.0,84.0,13.986466165413535,8.384112149532704,10.531412103746385,32.167661691542285,71.0,11.0,9.0,26.714924242424242,20.19188199827735,41.20645161290324,47.90000000000001,188.7225806451613,378.6333333333333,465.9032258064516,290.76666666666665,104.15806451612904,65.99032258064517,53.14,49.496774193548376,51.36666666666667,135.83225806451614,2.2352097149556407,2.346847713870757,10.237099511802471,19.876113317818316,25.272533202680687,15.263609162015069,5.649967628479933,3.579590194054136,2.7895501233617357,2.684911372027504,2.6964601305359643,7.36810792839769,157.50497471521803,104.0,140.0,180.0,104.0,5.0,146.0,4.0,142.0,1.0,140.0,3.0,0.7995242429247088
2005,138.28794520547942,88.9,122.03541779806261,0.6428615297443692,145.7,36.74,39.12,49.3,195.0,335.20000000000016,425.8,35.4,35.5,35.68571428571428,35.92857142857143,37.226666666666674,41.13555555555556,3.0,112.0,546.0,521.0,465.57142857142856,446.85714285714283,422.9,291.7,3.0,61.0,11.714159292035395,5.354393305439323,7.3960227272727215,25.03039647577093,61.0,6.0,9.0,27.393749999999997,11.374074074074075,197.2774193548387,166.35714285714286,123.09677419354838,303.3333333333333,383.19354838709677,169.76666666666668,79.89032258064518,54.09032258064516,40.78666666666667,37.89354838709677,45.91666666666666,60.783870967741926,12.11607307365414,9.22831257392259,7.560163328056806,18.028691374558946,23.53437635586656,10.090123645124033,4.906577698706889,3.322034032622026,2.4241655786714644,2.3272861272191636,2.7290683921379055,3.733127819459496,131.08458229899503,75.0,124.0,160.0,116.0,297.0,115.0,295.0,114.0,295.0,126.0,289.0,0.6994522919927176
2006,230.61671232876714,138.0,233.96767618951125,0.5983954875016483,201.9,38.42,43.599999999999994,72.1,274.0,568.0000000000001,653.4000000000001,34.5,34.666666666666664,35.214285714285715,35.69285714285714,37.58,48.67111111111112,1.0,61.0,1290.0,1276.6666666666667,1156.142857142857,960.7142857142857,786.7666666666667,572.6777777777778,3.0,92.0,33.55959595959596,13.35476190476191,19.053561253561277,52.306726457399115,62.0,15.0,16.0,35.719894179894176,28.9046940267335,182.7741935483871,121.26785714285714,155.93548387096774,520.2,767.1290322580645,410.46666666666664,119.60645161290326,66.66451612903226,49.67,38.606451612903214,201.47666666666666,131.38709677419354,6.731206734533133,4.03385324163559,5.742790920355306,18.539924514494192,28.25182268865733,14.629029249742501,4.404865571885273,2.4551203384373768,1.7702384671951683,1.4217981327019507,7.180627050042114,4.838723090320059,151.44158545698193,105.0,137.0,171.0,137.0,304.0,137.0,303.0,136.0,299.0,134.0,293.0,0.7564143907913539
2007,196.15808219178072,81.6,228.26892292733191,0.4159910164711997,211.8,36.7,38.0,47.2,259.0,595.4000000000001,715.4000000000003,34.9,35.166666666666664,35.25714285714286,35.607142857142854,36.54333333333333,39.583333333333336,2.0,109.0,1290.0,1045.6666666666667,825.7142857142857,803.9285714285714,677.6666666666666,550.1777777777778,1.0,89.0,27.057522123893794,12.897916666666662,17.430594900849872,50.791133004926095,76.0,8.0,14.0,60.411451569264074,32.940238246915264,105.94516129032257,122.81785714285715,568.4193548387096,434.6,573.4193548387096,214.7,83.83225806451613,58.88064516129034,44.24666666666666,38.051612903225816,37.563333333333325,62.5967741935484,4.587158526042039,4.80308725000943,24.611125776386682,18.210082167443932,24.827613177518284,8.996099036700905,3.6297255358761533,2.549383569583941,1.8539701694328177,1.6475389572570083,1.573933240872263,2.7102825928765886,125.57028228560414,81.0,117.0,146.0,71.0,312.0,71.0,310.0,71.0,306.0,71.0,301.0,0.899359440278951
2008,256.7273972602739,79.0,399.6313464402028,0.30771939747400107,146.0,48.5,51.04,59.0,205.0,854.4000000000002,1138.0000000000007,46.9,47.0,47.2,47.72857142857142,48.92000000000001,53.82222222222222,3.0,46.0,2640.0,2483.3333333333335,2034.2857142857142,1610.7142857142858,1297.4333333333334,803.9777777777778,2.0,78.0,30.508333333333315,15.685042735042744,20.70988700564972,72.54736842105262,76.0,7.0,8.0,83.55873015873017,51.71739951858486,63.6225806451613,59.271428571428565,102.52258064516128,199.9,1170.516129032258,887.8333333333334,254.7741935483871,96.60645161290321,70.55333333333333,55.796774193548394,48.98333333333334,57.05806451612903,2.1047857382971125,1.7710806729594317,3.3916899221497148,6.3998377896708325,38.72344739636415,28.424158667314092,8.428534077508793,3.195970353927999,2.2587788336863905,1.8458895155567183,1.568211044175636,1.8876159883891561,156.44261222660361,134.0,149.0,173.0,138.0,330.0,137.0,329.0,135.0,326.0,135.0,321.0,1.0563906754497465
2009,217.85260273972605,97.0,286.5810780111758,0.44525518070531533,137.3,40.0,40.64,49.7,187.0,648.2,947.0,35.0,36.0,38.128571428571426,39.06428571428571,39.79333333333333,42.20222222222222,1.0,94.0,1300.0,1236.6666666666667,1184.2857142857142,1151.357142857143,960.3666666666667,624.4111111111112,1.0,75.0,31.669306930693068,13.241563786008232,18.652034883720944,59.84750000000001,72.0,11.0,9.0,51.7515873015873,40.24664902998236,119.78064516129034,83.63214285714287,144.49677419354836,502.8333333333333,848.516129032258,498.53333333333336,131.8709677419355,89.41612903225807,62.65,45.932258064516134,41.31666666666667,39.80967741935484,4.669740254187197,2.9449344913363564,5.633317487505689,18.970976983306542,33.080051612124315,18.808745890774457,5.141090746288177,3.4859563208503417,2.363669290031465,1.7907042841584482,1.558801854213355,1.55201078522364,142.22262255993115,112.0,140.0,160.0,138.0,340.0,138.0,340.0,144.0,336.0,138.0,335.0,0.9305798460022605
2010,116.10931506849319,52.8,128.86488270828977,0.45474387622434204,80.7,35.7,36.1,39.3,120.0,309.20000000000005,392.40000000000003,35.0,35.46666666666667,35.528571428571425,35.585714285714296,35.730000000000004,37.536666666666655,3.0,183.0,675.0,647.6666666666666,601.0,525.0,445.96666666666664,306.4,3.0,47.0,13.525961538461532,5.870562770562773,8.247164179104475,30.196111111111083,77.0,8.0,7.0,28.446634615384617,17.329271708683475,39.36774193548387,36.721428571428575,36.44193548387097,132.21666666666667,296.38709677419354,422.3333333333333,137.28064516129035,75.64838709677419,56.53333333333333,44.15483870967743,39.24333333333334,75.29677419354839,2.8796670119561387,2.426150132492053,2.6656504616575303,9.359389710688317,21.68008891007293,29.89624798548367,10.041788678123353,5.53351942784197,4.001897125760088,3.2298330104601467,2.777967857404099,5.507799688059667,172.0121637851906,135.0,159.0,196.0,155.0,0.0,154.0,68.0,153.0,65.0,151.0,64.0,0.811550965602166
2011,312.430410958904,132.0,382.6741002380249,0.4224940830659497,328.0,50.0,52.14,56.0,384.0,939.0000000000005,1196.0000000000002,40.0,43.333333333333336,45.01428571428572,47.207142857142856,49.65333333333333,51.784444444444425,8.0,58.0,2040.0,1860.0,1538.5714285714287,1495.7142857142858,1274.0333333333333,830.5,2.0,121.0,52.89901960784313,21.780722891566246,30.82364672364674,89.83203883495145,78.0,13.0,12.0,76.87403846153846,61.49311417748918,256.2741935483871,143.35714285714286,175.16129032258064,481.0,1075.0645161290322,925.8,365.4516129032258,101.73870967741935,61.91666666666667,53.54838709677419,52.26,49.98064516129032,6.966592451053212,3.5199071179467043,4.761608283619982,12.653776709509454,29.224699681068717,24.35523176229491,9.934486232989093,2.765678888712534,1.6288558723432995,1.4556666207751692,1.374815739789946,1.3586806398970162,142.31653821431803,110.0,144.0,171.0,135.0,356.0,134.0,355.0,131.0,354.0,133.0,347.0,0.9215685551408441
2012,275.3942465753424,113.0,327.7192644143277,0.4103208451345967,346.3,47.94,50.42,57.7,404.0,716.8000000000003,923.8000000000002,45.0,46.333333333333336,46.51428571428571,46.82857142857142,48.27,57.16888888888888,7.0,57.0,2080.0,1890.0,1575.7142857142858,1251.357142857143,996.4666666666667,758.9111111111112,3.0,115.0,49.87105263157895,23.246280991735528,31.772191011235968,89.12477064220178,72.0,15.0,16.0,70.74943963443964,48.895095937049064,52.46129032258066,63.914285714285704,239.7225806451613,865.4,758.7096774193549,608.6,201.38709677419354,91.10967741935481,63.22,51.93225806451612,84.35666666666665,220.2258064516129,1.6179046925503573,1.7803617031224979,7.393037528265831,25.827978618946297,23.398584743764612,18.163748310019315,6.210772302522215,2.8098198448252023,1.8868093463020392,1.6015893528480714,2.5176359868641627,6.791757569969431,155.34592400036215,112.0,137.0,173.0,114.0,14.0,113.0,313.0,111.0,314.0,110.0,307.0,0.904547421239405
2013,188.138904109589,91.0,220.89121817603368,0.4836851815985567,199.0,49.0,49.84,55.0,254.0,453.6,606.0000000000001,44.0,45.0,46.871428571428574,48.81428571428571,49.50666666666667,50.82222222222223,3.0,71.0,1310.0,1266.6666666666667,1181.4285714285713,941.0714285714286,716.0,502.8888888888889,3.0,86.0,19.435593220338973,9.981702127659561,13.141926345609086,50.70344827586207,81.0,6.0,9.0,44.47037037037037,25.792058725392064,94.41290322580649,91.05000000000003,194.40967741935484,465.5,695.9032258064516,307.1,115.19677419354838,76.59677419354837,59.446666666666665,51.31935483870968,49.82000000000001,51.68709677419354,4.262079751626242,3.712500382259102,8.77623207568876,20.336184136757023,31.41514503274323,13.416202252197811,5.200325611942212,3.457806604563519,2.5970319219113835,2.3167085816803974,2.176474100307701,2.3333095483226476,140.3715063338513,99.0,131.0,161.0,132.0,341.0,131.0,340.0,128.0,337.0,126.0,330.0,0.8485544801055791
2014,250.59506849315088,99.0,283.2649778947401,0.39505964979796004,326.8,47.26,50.379999999999995,56.2,383.0,717.0000000000002,899.8000000000002,40.0,42.0,44.0,45.199999999999996,47.21666666666668,54.53555555555553,5.0,57.0,1180.0,1130.0,1049.2857142857142,1033.142857142857,917.8,668.5222222222222,2.0,114.0,34.98431372549019,13.57441860465116,19.640555555555554,57.17149999999999,92.0,12.0,13.0,63.490476190476194,31.348618993299844,56.054838709677405,55.47857142857144,339.07096774193553,557.6666666666666,905.9677419354839,519.5333333333333,165.61290322580646,85.26129032258065,63.50666666666667,51.19677419354838,52.41666666666667,142.6451612903226,1.8998067066664317,1.698313712456486,11.491769727290212,18.29070967516223,30.704995889236773,17.039988105025614,5.612941032413801,2.8896697395350444,2.0829324610352113,1.7351575209473982,1.719195514894956,4.834519915335767,148.43668112722358,107.0,137.0,166.0,143.0,36.0,142.0,319.0,137.0,318.0,135.0,314.0,0.9109228645417827
2015,166.4739726027396,87.4,179.61411973312693,0.5250069943880327,211.2,28.919999999999998,29.6,39.8,251.0,375.4000000000001,529.2000000000003,28.1,28.133333333333336,28.499999999999996,28.771428571428572,29.756666666666668,31.68555555555557,2.0,129.0,1050.0,950.3333333333334,819.0,635.0,507.76666666666665,397.1,6.0,73.0,27.94047619047618,8.852962962962954,13.382203389830535,40.76351931330473,61.0,8.0,9.0,54.257368326118325,15.638211430146912,162.3548387096774,458.39285714285717,412.5806451612903,319.43333333333334,255.19354838709677,137.91333333333333,74.68064516129034,52.438709677419354,38.14666666666667,30.13870967741936,29.88333333333333,50.2483870967742,8.283001168474243,21.123051857215756,21.04899363099256,15.771110708819522,13.019436170037697,6.809077892796607,3.810048878429311,2.6753122788539097,1.883382979773877,1.537613350229582,1.4754044402020974,2.5635666441749114,108.13469381037811,50.0,89.0,139.0,74.0,296.0,39.0,295.0,38.0,294.0,37.0,288.0,0.7964373597036238
2016,189.3769863013698,103.0,180.28082695134304,0.5438886847427615,228.8,37.74,41.94,64.2,293.0,473.6,558.2,32.8,33.6,33.84285714285715,34.885714285714286,36.736666666666665,47.19777777777778,1.0,65.0,839.0,814.3333333333334,726.7142857142857,659.7857142857143,612.1666666666666,450.03333333333336,2.0,95.0,25.110638297872338,9.024521072796933,13.283943661971835,47.188995215311,82.0,10.0,11.0,36.17964646464647,18.7676591085682,66.18709677419355,212.08571428571426,337.5806451612903,582.4,415.3225806451613,168.96666666666667,87.04516129032257,57.44516129032259,41.52666666666667,59.54516129032258,156.5,96.3064516129032,2.968348991502057,8.591112024142612,15.139766154629605,25.27682697120769,18.62632481995759,7.333346835911845,3.9037883412950327,2.576291979757707,1.8023048901517025,2.670472464866774,6.792279225607835,4.319137300969582,141.83178294797946,86.0,117.0,165.0,112.0,285.0,111.0,276.0,110.0,274.0,100.0,267.0,0.7585872534839755
2017,302.3098630136989,110.0,375.35025806769875,0.36386507176252947,367.3,44.519999999999996,47.0,64.7,432.0,840.2000000000007,963.6000000000003,43.4,43.46666666666667,43.58571428571429,44.05714285714286,45.143333333333345,50.78111111111112,2.0,59.0,2970.0,2243.3333333333335,1738.142857142857,1427.4285714285713,1090.4333333333334,856.7666666666667,3.0,119.0,80.19204545454546,26.3883895131086,39.72563380281688,81.98601694915253,63.0,11.0,12.0,174.0979437229437,81.40240543879658,68.94516129032259,213.29642857142858,841.3548387096774,716.3,824.483870967742,410.0,120.75806451612901,74.56129032258063,55.06666666666664,46.31612903225805,125.33999999999999,125.82580645161289,1.9369584505057393,5.4124816141652685,23.637182569639588,19.474711150946444,23.163206398950166,11.147049520994056,3.3925999903935966,2.094739045758183,1.497148439730258,1.3012141221335982,3.4077346023448656,3.534974094438163,133.11503664479235,83.0,119.0,152.0,77.0,299.0,77.0,299.0,73.0,297.0,73.0,298.0,0.9318930767660513
2018,255.61369863013718,99.4,355.0242030395314,0.3888680478890446,209.2,37.8,38.94,45.8,255.0,773.000000000001,1118.0,36.8,37.03333333333334,37.42857142857143,37.471428571428575,38.16999999999999,40.434444444444445,1.0,110.0,1880.0,1780.0,1572.857142857143,1424.2857142857142,1247.3,711.3555555555556,3.0,86.0,34.43362831858407,16.373333333333335,22.15467422096318,60.75964125560538,70.0,11.0,9.0,65.58787878787878,55.684757629202075,97.25161290322582,365.7857142857143,172.74193548387098,590.2,1183.6451612903227,314.03333333333336,110.24516129032256,69.94516129032257,51.42666666666666,40.012903225806454,38.379999999999995,43.44193548387097,3.231331525525459,10.977609620681886,5.739611357034905,18.97769536650981,39.328395802741696,10.097643061554779,3.663061769150791,2.3240334837458043,1.6536082916215593,1.329489062047824,1.2340968284761884,1.4434238309092262,128.56316895143553,103.0,128.0,147.0,126.0,297.0,126.0,295.0,124.0,311.0,124.0,312.0,0.9729611983977857
